{"cameraMode":{"drawMode":0,"name":"Shaded","section":"Shading Mode"},"sceneLighting":false,"audioPlay":false,"sceneViewState":{"m_AlwaysRefresh":false,"showFog":true,"showSkybox":true,"showFlares":true,"showImageEffects":true,"showParticleSystems":true,"showVisualEffectGraphs":true,"m_FxEnabled":true},"in2DMode":false,"pivot":{"x":8.717379570007325,"y":0.4593963623046875,"z":185.95068359375},"rotation":{"x":0.6745721101760864,"y":0.003321864642202854,"z":-0.0030355979688465597,"w":0.7381889820098877},"size":315.6565246582031,"orthographic":false}